<policymap>
  <policy domain="resource" name="temporary-path" value="/tmp"/>
  <policy domain="resource" name="memory" value="1024MiB"/>
  <policy domain="resource" name="map" value="1024MiB"/>
  <policy domain="resource" name="width" value="8KP"/>
  <policy domain="resource" name="height" value="8KP"/>
  <policy domain="resource" name="area" value="128MB"/>
  <policy domain="resource" name="disk" value="1GiB"/>
  <policy domain="resource" name="file" value="768"/>
  <policy domain="resource" name="thread" value="2"/>
  <policy domain="resource" name="throttle" value="0"/>
  <policy domain="resource" name="time" value="120"/>
  <policy domain="system" name="precision" value="6"/>
  <policy domain="cache" name="shared-secret" value="replace with your secret phrase" stealth="true"/>
  <policy domain="delegate" rights="none" pattern="HTTPS" />
  <!-- <policy domain="path" rights="none" pattern="@*"/>  <!-- indirect reads not permitted --> -->
</policymap>
